{
  "board_id": "XL4015_demo",
  "image_path": "yolo_proto\\data\\caps_xl_test\\xl_test_1.jpg",
  "image_size_px": [
    705,
    1449
  ],
  "px_to_mm": 0.05,
  "components": [
    {
      "id": "0",
      "refdes": "ELECTROLYT_CAP_VERT_1",
      "cls": "ELECTROLYT_CAP_VERT",
      "side": "TOP",
      "bbox_mm": [
        9.29207992553711,
        0.32547562122344975,
        23.763633728027344,
        14.71046600341797
      ],
      "joints_mm": [
        {
          "x_mm": 12.909968376159668,
          "y_mm": 14.71046600341797
        },
        {
          "x_mm": 20.145745277404785,
          "y_mm": 14.71046600341797
        }
      ]
    },
    {
      "id": "1",
      "refdes": "ELECTROLYT_CAP_VERT_2",
      "cls": "ELECTROLYT_CAP_VERT",
      "side": "TOP",
      "bbox_mm": [
        9.393399810791015,
        58.07391357421875,
        23.60025329589844,
        71.72374877929688
      ],
      "joints_mm": [
        {
          "x_mm": 12.945113182067871,
          "y_mm": 71.72374877929688
        },
        {
          "x_mm": 20.048539924621586,
          "y_mm": 71.72374877929688
        }
      ]
    }
  ]
}